,Brand,Name,Price,Rank
95,GUERLAIN,Midnight Secret Late Night Recovery Treatment,29,4.2
103,DIOR,Capture Totale Dreamskin Advanced,115,4.3
135,PHILOSOPHY,Miraculous Anti-wrinkle Miracle Worker,60,4.3
180,PHILOSOPHY,Hope In A Jar,39,4
182,DIOR,Capture Youth Age-Delay Advanced Crème,95,3.9
23,OLEHENRIKSEN,Sheer Transformation® Perfecting Moisturizer,38,4.2
109,FRESH,Black Tea Age-Delay Cream,90,4.2
126,SHISEIDO,White Lucent MultiBright Night Cream,92,4.1
156,CLARINS,Hydra-Essentiel Silky Cream - Normal to Dry Skin,48,4.5
